player_id,pos,player,team,pass_cmp,pass_att,pass_yds,pass_td,pass_int,rush_att,rush_yds,rush_td,targets,rec,rec_yds,rec_td,fumbles_lost,two_point_conv,total_ret_td,offensive_fumble_recovery_td,pass_rating
AbduAm00,RB,Ameer Abdullah,LVR,0,0,0,0,0,4,20,0,32,25,211,1,0,0,0,0,0.0
AdamDa01,WR,Davante Adams,LVR,0,0,0,0,0,3,-1,0,180,100,1516,14,0,0,0,0,0.0
AghoNe00,WR,Nelson Agholor,NWE,0,0,0,0,0,0,0,0,53,31,362,2,2,0,0,0,0.0
AgneJa00,WR,Jamal Agnew,JAX,0,0,0,0,0,12,86,0,30,23,187,3,0,1,0,0,0.0
AhmeSa01,RB,Salvon Ahmed,MIA,0,0,0,0,0,12,64,1,1,1,8,0,0,0,0,0,0.0
AiyuBr00,WR,Brandon Aiyuk,SFO,0,0,0,0,0,2,23,0,114,78,1015,8,1,0,0,0,0.0
AkerCa00,RB,Cam Akers,LAR,0,0,0,0,0,188,786,7,18,13,117,0,2,0,0,0,0.0
AkinJo00,TE,Jordan Akins,HOU,0,0,0,0,0,0,0,0,54,37,495,5,1,1,0,0,0.0
AlexMa02,WR,Maurice Alexander,DET,0,0,0,0,0,0,0,0,1,1,7,0,0,0,0,0,0.0
AlieMo00,TE,Mo Alie-Cox,IND,0,0,0,0,0,0,0,0,28,19,189,3,1,0,0,0,0.0
AlixJo00,WR,Josh Ali,ATL,0,0,0,0,0,0,0,0,1,0,0,0,0,0,0,0,0.0
AlleBr00,QB,Brandon Allen,CIN,3,3,22,0,0,3,-1,0,0,0,0,0,0,0,0,0,115.97
AlleCh03,TE,Chase Allen,CHI,0,0,0,0,0,0,0,0,0,0,0,0,0,0,0,0,0.0
AlleJo02,QB,Josh Allen,BUF,359,567,4283,35,14,124,762,7,0,0,0,0,5,2,0,0,96.61
AlleKe00,WR,Keenan Allen,LAC,0,0,0,0,0,1,8,0,89,66,752,4,1,0,0,0,0.0
AlleKy00,QB,Kyle Allen,HOU,46,78,416,2,4,6,13,0,0,0,0,0,1,0,0,0,60.63
AlleMa03,LB,Marcus Allen,PIT,0,0,0,0,0,1,4,0,0,0,0,0,0,0,0,0,0.0
AllgTy00,RB,Tyler Allgeier,ATL,0,0,0,0,0,210,1035,3,17,16,139,1,0,1,0,0,0.0
AndeRo04,WR,Robbie Anderson,ARI,0,0,0,0,0,0,0,0,44,20,282,1,1,0,0,0,0.0
AndeSt01,TE,Stephen Anderson,ARI,0,0,0,0,0,0,0,0,7,3,9,0,0,0,0,0,0.0
AndrMa00,TE,Mark Andrews,BAL,0,0,0,0,0,3,8,0,113,73,847,5,0,1,0,0,0.0
AngeBr00,P,Bryan Anger,DAL,0,0,0,0,0,1,0,0,0,0,0,0,0,0,0,0,0.0
ArmaAl00,RB,Alex Armah,WAS,0,0,0,0,0,0,0,0,0,0,0,0,0,0,0,0,0.0
ArnoDa00,TE,Dan Arnold,JAX,0,0,0,0,0,0,0,0,13,9,135,0,0,0,0,0,0.0
AsiaDe00,TE,Devin Asiasi,CIN,0,0,0,0,0,0,0,0,4,2,5,0,0,0,0,0,0.0
AtweTu00,WR,Tutu Atwell,LAR,0,0,0,0,0,9,34,1,35,18,298,1,0,0,0,0,0.0
BaccAn00,WR,Andre Baccellia,ARI,0,0,0,0,0,0,0,0,10,7,45,0,0,0,0,0,0.0
BadiTy00,RB,Tyler Badie,DEN,0,0,0,0,0,1,0,0,1,1,24,1,0,0,0,0,0.0
BakhDa00,T,David Bakhtiari,GNB,0,0,0,0,0,0,0,0,1,0,0,0,0,0,0,0,0.0
BaldDa01,WR,Daylen Baldwin,CLE,0,0,0,0,0,0,0,0,2,2,25,0,0,0,0,0,0.0
BandMi00,WR,Michael Bandy,LAC,0,0,0,0,0,0,0,0,21,10,89,0,0,0,0,0,0.0
BarkSa00,RB,Saquon Barkley,NYG,0,0,0,0,0,295,1312,10,76,57,338,0,0,1,0,0,0.0
BateJo00,TE,John Bates,WAS,0,0,0,0,0,0,0,0,22,14,108,1,0,0,0,0,0.0
BateRa00,WR,Rashod Bateman,BAL,0,0,0,0,0,0,0,0,28,15,285,2,1,0,0,0,0.0
BeasCo00,WR,Cole Beasley,BUF,0,0,0,0,0,0,0,0,7,6,35,0,0,0,0,0,0.0
BeatC.00,QB,C.J. Beathard,JAX,7,11,35,0,1,4,-4,0,0,0,0,0,0,0,0,0,30.49
BeckAn01,TE,Andrew Beck,DEN,0,0,0,0,0,2,0,0,11,5,69,0,0,0,0,0,0.0
BellBl00,TE,Blake Bell,KAN,0,0,0,0,0,0,0,0,2,2,20,1,0,0,0,0,0.0
BellDa00,TE,Daniel Bellinger,NYG,0,0,0,0,0,1,2,1,35,30,268,2,1,1,0,0,0.0
BellDa02,WR,David Bell,CLE,0,0,0,0,0,0,0,0,35,24,214,0,0,0,0,0,0.0
BellNi01,LB,Nick Bellore,SEA,0,0,0,0,0,1,3,0,0,0,0,0,0,0,0,0,0.0
BenjEn00,RB,Eno Benjamin,NOR,0,0,0,0,0,77,313,2,34,25,193,0,0,1,0,0,0.0
BensTr00,WR,Trinity Benson,DET,0,0,0,0,0,0,0,0,0,0,0,0,0,0,0,0,0.0
BernGi00,RB,Giovani Bernard,TAM,0,0,0,0,0,8,28,0,2,2,-1,0,0,0,0,0,0.0
BernJa00,WR,Jared Bernhardt,ATL,0,0,0,0,0,0,0,0,0,0,0,0,0,0,0,0,0.0
BerrBr00,WR,Braxton Berrios,NYJ,1,1,2,1,0,9,91,2,32,18,145,0,0,0,0,0,427.08
BerrSt00,WR,Stanley Berryhill,DET,0,0,0,0,0,0,0,0,0,0,0,0,0,0,0,0,0.0
BlacRa00,RB,Raheem Blackshear,CAR,0,0,0,0,0,23,77,3,12,10,93,0,1,0,0,0,0.0
BlanKe01,TE,Kendall Blanton,LAR,0,0,0,0,0,0,0,0,2,2,35,0,0,0,0,0,0.0
BlasKh00,FB,Khari Blasingame,CHI,0,0,0,0,0,0,0,0,1,0,0,0,0,0,0,0,0.0
BlouDa00,QB,David Blough,ARI,38,58,402,2,2,4,5,0,0,0,0,0,1,0,0,0,82.69
BoarC.00,WR,C.J. Board,TEN,0,0,0,0,0,0,0,0,1,1,6,0,0,0,0,0,0.0
BoldBr00,RB,Brandon Bolden,LVR,0,0,0,0,0,17,66,0,9,9,57,1,0,0,0,0,0.0
BonnRe00,RB,Reggie Bonnafon,WAS,0,0,0,0,0,3,8,0,0,0,0,0,0,0,0,0,0.0
BoonMi00,RB,Mike Boone,DEN,0,0,0,0,0,24,102,0,15,9,96,0,0,0,0,0,0.0
BourKe00,WR,Kendrick Bourne,NWE,0,0,0,0,0,6,39,0,48,35,434,1,0,0,0,0,0.0
BowdLy00,RB,Lynn Bowden Jr.,NWE,0,0,0,0,0,0,0,0,0,0,0,0,0,0,0,0,0.0
BoydTy00,WR,Tyler Boyd,CIN,1,1,23,0,0,0,0,0,82,58,762,5,0,1,0,0,181.25
BoykMi00,WR,Miles Boykin,PIT,0,0,0,0,0,0,0,0,3,2,11,0,0,0,0,0,0.0
BoylNi00,TE,Nick Boyle,BAL,0,0,0,0,0,0,0,0,0,0,0,0,0,0,0,0,0.0
BoylTi00,QB,Tim Boyle,CHI,2,8,33,0,2,2,-2,0,0,0,0,0,0,0,0,0,-64.06
BradTo00,QB,Tom Brady,TAM,490,733,4694,25,9,29,-1,1,1,0,0,0,4,2,0,0,90.73
BratCa00,TE,Cameron Brate,TAM,0,0,0,0,0,0,0,0,38,20,174,0,0,0,0,0,0.0
BreiMa00,RB,Matt Breida,NYG,0,0,0,0,0,54,220,1,25,20,118,0,0,0,0,0,0.0
BridTe00,QB,Teddy Bridgewater,MIA,49,79,683,4,4,3,27,0,0,0,0,0,0,0,0,0,85.57
BrigGa00,RB,Gary Brightwell,NYG,0,0,0,0,0,31,141,1,8,5,39,0,0,0,0,0,0.0
BrisJa00,QB,Jacoby Brissett,CLE,236,369,2608,12,6,49,243,2,0,0,0,0,4,0,0,0,88.89
BrowAJ00,WR,A.J. Brown,PHI,0,0,0,0,0,0,0,0,145,88,1496,11,2,0,0,0,0.0
BrowAn06,QB,Anthony Brown,BAL,22,49,302,0,2,3,-5,0,0,0,0,0,1,0,0,0,48.17
BrowDy00,WR,Dyami Brown,WAS,0,0,0,0,0,1,15,0,14,5,143,2,0,0,0,0,0.0
BrowJo02,WR,John Brown,BUF,0,0,0,0,0,0,0,0,2,1,42,1,0,0,0,0,0.0
BrowMa03,RB,Malcolm Brown,LAR,0,0,0,0,0,18,81,1,6,5,37,0,0,0,0,0,0.0
BrowMa04,WR,Marquise Brown,ARI,0,0,0,0,0,1,1,0,107,67,709,3,0,0,0,0,0.0
BrowNo00,WR,Noah Brown,DAL,0,0,0,0,0,0,0,0,74,43,555,3,1,0,0,0,0.0
BrowPh01,TE,Pharaoh Brown,CLE,0,0,0,0,0,0,0,0,20,12,117,0,0,0,0,0,0.0
BrowSp01,RB,Spencer Brown,CAR,0,0,0,0,0,9,43,0,4,2,10,0,0,0,0,0,0.0
BryaHa00,TE,Harrison Bryant,CLE,0,0,0,0,0,1,8,0,42,31,239,1,0,0,0,0,0.0
BurkRe00,RB,Rex Burkhead,HOU,0,1,0,0,0,26,80,0,51,37,204,1,0,0,0,0,2.08
BurkTr00,WR,Treylon Burks,TEN,0,0,0,0,0,4,47,0,54,33,444,1,0,0,0,0,0.0
BurrJo01,QB,Joe Burrow,CIN,414,606,4475,35,12,75,257,5,0,0,0,0,3,4,0,0,100.78
BurtMi00,FB,Michael Burton,KAN,0,0,0,0,0,5,7,0,3,2,11,0,0,0,0,0,0.0
ByrdDa00,WR,Damiere Byrd,ATL,0,0,0,0,0,0,0,0,23,13,268,2,0,0,0,0,0.0
CabiJa00,FB,Jason Cabinda,DET,0,0,0,0,0,1,4,0,4,1,5,0,0,0,0,0,0.0
CageLa01,WR,Lawrence Cager,NYG,0,0,0,0,0,0,0,0,19,13,118,1,0,0,0,0,0.0
CalcGr00,TE,Grant Calcaterra,PHI,0,0,0,0,0,0,0,0,9,5,81,0,0,0,0,0,0.0
CallMa01,WR,Marquez Callaway,NOR,0,0,0,0,0,0,0,0,32,16,158,1,0,0,0,0,0.0
CampJa03,WR,Jalen Camp,HOU,0,0,0,0,0,0,0,0,1,1,7,0,0,0,0,0,0.0
CampPa00,WR,Parris Campbell,IND,0,0,0,0,0,5,58,0,91,63,623,3,0,0,0,0,0.0
CarrDe02,QB,Derek Carr,LVR,305,502,3522,24,14,24,102,0,0,0,0,0,0,0,0,0,86.26
CartCe00,TE,Cethan Carter,MIA,0,0,0,0,0,0,0,0,0,0,0,0,0,0,0,0,0.0
CartDe02,WR,DeAndre Carter,LAC,0,0,0,0,0,2,-15,0,65,46,538,3,2,0,0,0,0.0
CartMi03,RB,Michael Carter,NYJ,0,0,0,0,0,114,402,3,54,41,288,0,1,0,0,0,0.0
CartRo03,TE,Roger Carter,LAR,0,0,0,0,0,0,0,0,0,0,0,0,0,0,0,0,0.0
CartTo01,FB,Tory Carter,TEN,0,0,0,0,0,0,0,0,0,0,0,0,0,0,0,0,0.0
CephQu00,WR,Quintez Cephus,DET,0,0,0,0,0,0,0,0,3,2,15,0,0,0,0,0,0.0
ChanSe00,SS,Sean Chandler,CAR,0,0,0,0,0,1,2,0,0,0,0,0,0,0,0,0,0.0
ChanTy01,RB,Ty Chandler,MIN,0,0,0,0,0,6,20,0,0,0,0,0,0,0,0,0,0.0
CharDJ00,WR,DJ Chark,DET,0,0,0,0,0,0,0,0,52,30,502,3,0,0,0,0,0.0
ChasJa00,WR,Ja'Marr Chase,CIN,0,0,0,0,0,5,8,0,134,87,1046,9,2,0,0,0,0.0
ChesJu00,RB,Julius Chestnut,TEN,0,0,0,0,0,9,12,0,3,3,41,0,0,0,0,0,0.0
ChubNi00,RB,Nick Chubb,CLE,0,0,0,0,0,302,1525,12,37,27,239,1,1,1,0,0,0.0
ClayCh01,WR,Chase Claypool,CHI,1,1,1,1,0,9,59,0,79,46,451,1,1,0,0,0,422.92
ClemCo00,RB,Corey Clement,ARI,0,0,0,0,0,15,55,1,7,5,54,0,0,0,0,0,0.0
ClevTy00,WR,Tyrie Cleveland,DEN,0,0,0,0,0,0,0,0,7,2,28,0,0,0,0,0,0.0
CobbRa00,WR,Randall Cobb,GNB,0,0,0,0,0,0,0,0,50,34,417,1,0,0,0,0,0.0
ColeKe00,WR,Keelan Cole,LVR,0,0,0,0,0,0,0,0,21,10,141,1,0,0,0,0,0.0
ColeTe01,RB,Tevin Coleman,SFO,0,0,0,0,0,12,26,1,3,3,44,1,0,0,0,0,0.0
CollNi00,WR,Nico Collins,HOU,0,0,0,0,0,0,0,0,66,37,481,2,0,0,0,0,0.0
ConkJa00,T,Jack Conklin,CLE,0,0,0,0,0,0,0,0,1,0,0,0,0,0,0,0,0.0
ConkTy00,TE,Tyler Conklin,NYJ,0,0,0,0,0,2,3,0,87,58,552,3,0,0,0,0,0.0
ConlCh00,WR,Chris Conley,TEN,0,0,0,0,0,0,0,0,7,4,46,0,0,0,0,0,0.0
ConnJa00,RB,James Conner,ARI,0,0,0,0,0,183,782,7,58,46,300,1,1,0,0,0,0.0
ConnSn00,RB,Snoop Conner,JAX,0,0,0,0,0,12,42,1,0,0,0,0,0,0,0,0,0.0
ConnTa00,WR,Tanner Conner,MIA,0,0,0,0,0,0,0,0,3,0,0,0,0,0,0,0,0.0
CookBr00,WR,Brandin Cooks,HOU,0,0,0,0,0,2,7,0,93,57,699,3,0,0,0,0,0.0
CookDa01,RB,Dalvin Cook,MIN,0,0,0,0,0,264,1173,8,56,39,295,2,4,0,0,0,0.0
CookJa01,RB,James Cook,BUF,0,0,0,0,0,89,507,2,32,21,180,1,1,0,0,0,0.0
CoopAm00,WR,Amari Cooper,CLE,0,1,0,0,1,0,0,0,132,78,1160,9,0,0,0,0,-414.58
CoopPh00,WR,Pharoh Cooper,ARI,0,0,0,0,0,4,15,0,2,2,6,0,0,0,0,0,0.0
CousKi00,QB,Kirk Cousins,MIN,424,643,4547,29,14,31,97,2,0,0,0,0,3,3,0,0,92.46
CoutKe00,WR,Keke Coutee,IND,0,0,0,0,0,0,0,0,1,1,20,0,1,0,0,0,0.0
CoveBr00,WR,Britain Covey,PHI,0,0,0,0,0,0,0,0,0,0,0,0,0,0,0,0,0.0
CracRi00,WR,River Cracraft,MIA,0,0,0,0,0,0,0,0,14,9,102,2,0,0,0,0,0.0
CrowJa00,WR,Jamison Crowder,BUF,0,0,0,0,0,0,0,0,13,6,60,0,0,0,0,0,0.0
DallDe00,RB,DeeJay Dallas,SEA,0,1,0,0,1,35,186,0,19,17,126,0,0,0,0,0,-414.58
DaltAn00,QB,Andy Dalton,NOR,252,378,2871,18,9,30,54,0,0,0,0,0,1,1,0,0,95.24
DaniCh00,QB,Chase Daniel,LAC,8,12,52,1,0,1,4,0,0,0,0,0,0,1,0,0,103.47
DarbFr00,WR,Frank Darby,ATL,0,0,0,0,0,0,0,0,1,1,15,0,0,0,0,0,0.0
DardJa00,WR,Jaelon Darden,CLE,0,0,0,0,0,1,2,0,2,2,26,0,0,0,0,0,0.0
DarnSa00,QB,Sam Darnold,CAR,82,140,1143,7,3,26,106,2,0,0,0,0,2,0,0,0,92.65
DaviAs00,SS,Ashtyn Davis,NYJ,0,0,0,0,0,1,2,0,0,0,0,0,0,0,0,0,0.0
DaviCo03,WR,Corey Davis,NYJ,0,0,0,0,0,0,0,0,64,32,536,2,0,0,0,0,0.0
DaviGa01,WR,Gabriel Davis,BUF,0,0,0,0,0,0,0,0,93,48,836,7,1,0,0,0,0.0
DaviMa02,RB,Malik Davis,DAL,0,0,0,0,0,38,161,1,7,6,63,0,0,0,0,0,0.0
DaviMi01,RB,Mike Davis,BAL,0,0,0,0,0,8,18,0,2,2,4,0,0,0,0,0,0.0
DaviTy02,TE,Tyler Davis,GNB,0,0,0,0,0,0,0,0,7,4,26,0,0,0,0,0,0.0
DaviTy03,RB,Tyrion Davis-Price,SFO,0,0,0,0,0,34,99,0,2,0,0,0,0,0,0,0,0.0
DeguJo00,TE,Josiah Deguara,GNB,0,0,0,0,0,0,0,0,15,13,114,0,0,0,0,0,0.0
DickMi00,P,Michael Dickson,SEA,0,0,0,0,0,2,-18,0,0,0,0,0,1,0,0,0,0.0
DiggSt00,WR,Stefon Diggs,BUF,0,0,0,0,0,1,-3,0,154,108,1429,11,0,0,0,0,0.0
DillAJ00,RB,AJ Dillon ,GNB,0,0,0,0,0,186,770,7,43,28,206,0,0,0,0,0,0.0
DissWi00,TE,Will Dissly,SEA,0,0,0,0,0,0,0,0,38,34,349,3,0,0,0,0,0.0
DixoRi00,P,Riley Dixon,LAR,2,2,18,0,0,0,0,0,0,0,0,0,0,0,0,0,122.92
DobbJK00,RB,J.K. Dobbins,BAL,0,0,0,0,0,92,520,2,8,7,42,1,0,0,0,0,0.0
DobbJo00,QB,Joshua Dobbs,TEN,40,68,411,2,2,8,44,0,0,0,0,0,2,0,0,0,73.84
DorsPh00,WR,Phillip Dorsett,HOU,0,1,0,0,0,0,0,0,40,20,257,1,0,0,0,0,2.08
DortGr01,WR,Greg Dortch,ARI,0,0,0,0,0,7,44,0,64,52,467,2,1,0,0,0,0.0
DotsJa00,WR,Jahan Dotson,WAS,0,0,0,0,0,2,-7,0,61,35,523,7,0,1,0,0,0.0
DoubRo00,WR,Romeo Doubs,GNB,0,0,0,0,0,1,11,0,67,42,425,3,1,0,0,0,0.0
DowdRi01,RB,Rico Dowdle,DAL,0,0,0,0,0,0,0,0,0,0,0,0,0,0,0,0,0.0
DrakKe00,RB,Kenyan Drake,BAL,0,0,0,0,0,109,482,4,26,17,89,1,0,0,0,0,0.0
DrisJe00,QB,Jeff Driskel,HOU,14,20,108,1,0,20,75,0,1,1,4,0,0,0,0,0,99.58
DulcGr00,TE,Greg Dulcich,DEN,0,0,0,0,0,0,0,0,55,33,411,2,0,0,0,0,0.0
DuliAs00,WR,Ashton Dulin,IND,0,0,0,0,0,2,8,0,22,15,207,1,0,0,0,0,0.0
DuveDe00,WR,Devin Duvernay,BAL,0,0,0,0,0,12,84,1,49,37,407,3,0,0,1,0,0.0
DwelRo00,TE,Ross Dwelley,SFO,0,0,0,0,0,0,0,0,5,3,105,1,0,0,0,0,0.0
EasoJa00,QB,Jacob Eason,CAR,3,5,59,0,1,0,0,0,0,0,0,0,0,0,0,0,17.92
EbneTr00,RB,Trestan Ebner,CHI,0,0,0,0,0,24,54,0,8,2,8,0,1,0,0,0,0.0
EdmoCh00,RB,Chase Edmonds,DEN,0,0,0,0,0,68,245,2,24,16,157,1,0,0,0,0,0.0
EdwaBr01,WR,Bryan Edwards,ATL,0,0,0,0,0,0,0,0,5,3,15,0,0,0,0,0,0.0
EdwaCl00,RB,Clyde Edwards-Helaire,KAN,0,0,0,0,0,71,302,3,23,17,151,3,0,0,0,0,0.0
EdwaGu00,RB,Gus Edwards,BAL,0,0,0,0,0,87,433,3,2,0,0,0,1,0,0,0,0.0
EhliSa00,QB,Sam Ehlinger,IND,64,101,573,3,3,17,87,0,0,0,0,0,1,0,0,0,76.05
EkelAu00,RB,Austin Ekeler,LAC,0,0,0,0,0,204,915,13,127,107,722,5,3,0,0,0,0.0
ElleBe00,TE,Ben Ellefson,MIN,0,0,0,0,0,0,0,0,3,3,26,0,0,0,0,0,0.0
ElliEz00,RB,Ezekiel Elliott,DAL,0,0,0,0,0,231,876,12,23,17,92,0,0,0,0,0,0.0
EngrEv00,TE,Evan Engram,JAX,0,0,0,0,0,2,13,0,98,73,766,4,0,1,0,0,0.0
ErtzZa00,TE,Zach Ertz,ARI,0,0,0,0,0,0,0,0,69,47,406,4,0,2,0,0,0.0
EskrDW00,WR,D'Wayne Eskridge,SEA,0,0,0,0,0,2,10,0,13,7,58,0,0,0,0,0,0.0
EtieTr00,RB,Travis Etienne,JAX,0,0,0,0,0,220,1125,5,45,35,316,0,3,1,0,0,0.0
EvanCh02,RB,Chris Evans,CIN,0,0,0,0,0,0,0,0,4,3,38,1,0,0,0,0,0.0
EvanDa02,RB,Darrynton Evans,CHI,0,0,0,0,0,14,64,0,1,1,33,0,0,0,0,0,0.0
EvanMi00,WR,Mike Evans,TAM,0,0,0,0,0,0,0,0,127,77,1124,6,0,0,0,0,0.0
EverGe00,TE,Gerald Everett,LAC,0,0,0,0,0,1,0,0,87,58,555,4,0,1,0,0,0.0
EzukEr00,WR,Erik Ezukanma,MIA,0,0,0,0,0,0,0,0,1,1,3,0,0,0,0,0,0.0
FantNo00,TE,Noah Fant,SEA,0,0,0,0,0,0,0,0,63,50,486,4,0,0,0,0,0.0
FarlMa00,FS,Matthias Farley,LVR,0,0,0,0,0,1,-3,0,0,0,0,0,0,0,0,0,0.0
FarrLu00,TE,Luke Farrell,JAX,0,0,0,0,0,0,0,0,4,4,40,0,0,0,0,0,0.0
FehoSi00,WR,Simi Fehoko,DAL,0,0,0,0,0,0,0,0,4,3,24,0,0,0,0,0,0.0
FejeCl00,SS,Clayton Fejedelem ,MIA,0,0,0,0,0,1,0,0,0,0,0,0,0,0,0,0,0.0
FeltDe00,RB,Demetric Felton,CLE,0,0,0,0,0,1,-4,0,4,2,8,0,0,0,0,0,0.0
FergJa00,TE,Jake Ferguson,DAL,0,0,0,0,0,0,0,0,22,19,174,2,0,0,0,0,0.0
FernEt00,WR,Ethan Fernea,IND,0,0,0,0,0,0,0,0,0,0,0,0,0,0,0,0,0.0
FielJu00,QB,Justin Fields,CHI,192,318,2242,17,11,160,1143,8,0,0,0,0,2,1,0,0,85.18
FirkAn00,TE,Anthony Firkser,ATL,0,0,0,0,0,0,0,0,13,9,100,0,0,0,0,0,0.0
FitzDe00,WR,Dez Fitzpatrick,TEN,0,0,0,0,0,0,0,0,0,0,0,0,0,0,0,0,0.0
FlacJo00,QB,Joe Flacco,NYJ,110,191,1051,5,3,3,6,0,0,0,-3,0,4,0,0,0,75.19
FoleNi00,QB,Nick Foles ,IND,25,42,224,0,4,2,8,0,0,0,0,0,0,0,0,0,34.23
FordJe00,RB,Jerome Ford,CLE,0,0,0,0,0,8,12,0,0,0,0,0,0,0,0,0,0.0
ForeDO00,RB,D'Onta Foreman,CAR,0,0,0,0,0,203,914,5,9,5,26,0,0,1,0,0,0.0
ForrMi00,TE,Miller Forristall,CLE,0,0,0,0,0,0,0,0,1,0,0,0,0,0,0,0,0.0
FortJo01,TE,Joe Fortson,KAN,0,0,0,0,0,0,0,0,13,9,108,2,1,0,0,0,0.0
FourLe00,RB,Leonard Fournette,TAM,0,1,0,0,1,189,668,3,83,73,523,3,0,0,0,0,-414.58
FoxxJa01,P,Jack Fox,DET,1,1,6,0,0,0,0,0,0,0,0,0,0,0,0,0,110.42
FranFe00,TE,Feleipe Franks,ATL,0,0,0,0,0,1,0,0,2,0,0,0,0,0,0,0,0.0
FreeRo00,RB,Royce Freeman,HOU,0,0,0,0,0,41,117,0,8,6,33,0,1,0,0,0,0.0
FreiPa00,TE,Pat Freiermuth,PIT,0,0,0,0,0,0,0,0,98,63,732,2,0,0,0,0,0.0
FunkJa00,RB,Jake Funk,LAR,0,0,0,0,0,0,0,0,0,0,0,0,0,0,0,0,0.0
GabbBl00,QB,Blaine Gabbert,TAM,6,8,29,1,0,0,0,0,0,0,0,0,0,0,0,0,121.35
GageRu00,WR,Russell Gage,TAM,0,0,0,0,0,0,0,0,70,51,426,5,1,1,0,0,0.0
GainKe00,RB,Kenneth Gainwell,PHI,0,0,0,0,0,53,240,4,29,23,169,0,0,0,0,0,0.0
GallMi00,WR,Michael Gallup,DAL,0,0,0,0,0,0,0,0,74,39,424,4,0,0,0,0,0.0
GaroJi00,QB,Jimmy Garoppolo,SFO,207,308,2437,16,4,23,33,2,0,0,0,0,2,0,0,0,102.96
GaskMy00,RB,Myles Gaskin,MIA,0,0,0,0,0,10,26,0,6,4,28,0,0,0,0,0,0.0
GeigKa00,WR,Kaylon Geiger,TAM,0,0,0,0,0,0,0,0,0,0,0,0,0,0,0,0,0.0
GentTa00,WR,Tanner Gentry,BUF,0,0,0,0,0,0,0,0,1,0,0,0,0,0,0,0,0.0
GentZa00,TE,Zach Gentry,PIT,0,0,0,0,0,0,0,0,23,19,132,0,0,0,0,0,0.0
GervJa00,LB,Jake Gervase,LAR,0,0,0,0,0,0,0,0,1,1,12,0,0,0,0,0,0.0
GesiMi00,TE,Mike Gesicki,MIA,0,0,0,0,0,0,0,0,52,32,362,5,0,0,0,0,0.0
GibsAn00,RB,Antonio Gibson ,WAS,0,0,0,0,0,149,546,3,58,46,353,2,0,0,0,0,0.0
GillJa00,P,Jamie Gillan,NYG,0,0,0,0,0,2,-3,0,0,0,0,0,0,0,0,0,0.0
GillRe00,FB,Reggie Gilliam,BUF,0,0,0,0,0,0,0,0,10,8,69,1,0,0,0,0,0.0
GodwCh00,WR,Chris Godwin,TAM,0,0,0,0,0,3,5,0,142,104,1023,3,2,1,0,0,0.0
GoedDa00,TE,Dallas Goedert,PHI,0,0,0,0,0,0,0,0,69,55,702,3,1,0,0,0,0.0
GoffJa00,QB,Jared Goff,DET,382,587,4438,29,7,29,73,0,1,1,5,0,4,2,0,0,99.32
GollKe00,WR,Kenny Golladay,NYG,0,0,0,0,0,0,0,0,17,6,81,1,0,0,0,0,0.0
GoodMa00,WR,Marquise Goodwin,SEA,0,0,0,0,0,2,5,0,42,27,387,4,0,0,0,0,0.0
GordJo02,WR,Josh Gordon,TEN,0,0,0,0,0,0,0,0,1,0,0,0,0,0,0,0,0.0
GordMe00,RB,Melvin Gordon,DEN,0,0,0,0,0,90,318,2,32,25,223,0,2,0,0,0,0.0
GranKy00,TE,Kylen Granson,IND,0,0,0,0,0,1,0,0,40,31,302,0,0,0,0,0,0.0
GrayDa02,WR,Danny Gray,SFO,0,0,0,0,0,1,9,0,7,1,10,0,0,0,0,0,0.0
GrayNo00,TE,Noah Gray,KAN,0,0,0,0,0,1,1,1,34,28,299,1,0,0,0,0,0.0
GreeA.00,WR,A.J. Green,ARI,0,0,0,0,0,0,0,0,47,24,236,2,0,1,0,0,0.0
GrifGa00,TE,Garrett Griffin,DET,0,0,0,0,0,0,0,0,0,0,0,0,0,0,0,0,0.0
GrifRy00,TE,Ryan Griffin,CHI,0,0,0,0,0,0,0,0,8,4,26,0,0,0,0,0,0.0
GrugKa00,LB,Kamu Grugier-Hill,ARI,0,0,0,0,0,0,0,0,1,1,4,0,0,0,0,0,0.0
GuytJa01,WR,Jalen Guyton,LAC,0,0,0,0,0,0,0,0,4,2,64,0,0,0,0,0,0.0
HairTr00,FB,Troy Hairston,HOU,0,0,0,0,0,0,0,0,8,5,19,0,0,0,0,0,0.0
HallBr03,RB,Breece Hall,NYJ,0,0,0,0,0,80,463,4,31,19,218,1,1,0,0,0,0.0
HamlKJ00,WR,KJ Hamler,DEN,0,0,0,0,0,2,23,0,14,7,165,0,0,0,0,0,0.0
HamxC.00,FB,C.J. Ham,MIN,0,0,0,0,0,4,7,2,12,10,86,0,0,0,0,0,0.0
HardMe00,WR,Mecole Hardman,KAN,0,0,0,0,0,4,31,2,34,25,297,4,0,0,0,0,0.0
HarrDa06,RB,Damien Harris,NWE,0,0,0,0,0,106,462,3,23,17,97,0,0,0,0,0,0.0
HarrDe07,WR,Deonte Harty,NOR,0,0,0,0,0,0,0,0,2,2,13,0,0,0,0,0,0.0
HarrJa03,WR,Jacob Harris,LAR,0,0,0,0,0,0,0,0,1,1,6,0,0,0,0,0,0.0
HarrKe01,RB,Kevin Harris,NWE,0,0,0,0,0,18,52,1,0,0,0,0,0,0,0,0,0.0
HarrNK00,WR,N'Keal Harry,CHI,0,0,0,0,0,0,0,0,9,7,116,1,0,0,0,0,0.0
HarrNa00,RB,Najee Harris,PIT,1,1,4,0,0,272,1034,7,53,41,229,3,2,0,0,0,102.08
HartPe01,WR,Penny Hart,SEA,0,0,0,0,0,0,0,0,4,3,20,0,0,0,0,0,0.0
HaskHa00,RB,Hassan Haskins,TEN,0,0,0,0,0,25,93,0,12,11,57,0,0,0,0,0,0.0
HastJa02,RB,Jamycal Hasty,JAX,0,0,0,0,0,46,194,2,26,20,126,1,0,0,0,0,0.0
HeinTa00,QB,Taylor Heinicke,WAS,161,259,1859,12,6,28,96,1,0,0,0,0,5,0,0,0,89.58
HendDa00,RB,Darrell Henderson,LAR,0,0,0,0,0,70,283,3,22,17,102,0,0,0,0,0,0.0
HendPe01,TE,Peyton Hendershot,DAL,0,0,0,0,0,1,2,1,16,11,103,2,0,0,0,0,0.0
HennCh01,QB,Chad Henne,KAN,0,2,0,0,0,5,-5,0,0,0,0,0,0,0,0,0,2.08
HenrDe00,RB,Derrick Henry ,TEN,2,2,4,1,0,349,1538,13,41,33,398,0,3,0,0,0,260.42
HenrHu00,TE,Hunter Henry,NWE,0,0,0,0,0,0,0,0,59,41,509,2,0,0,0,0,0.0
HerbJu00,QB,Justin Herbert,LAC,477,699,4739,25,10,54,147,0,2,2,-10,0,3,1,0,0,93.16
HerbKh00,RB,Khalil Herbert,CHI,0,0,0,0,0,129,731,4,12,9,57,1,0,0,0,0,0.0
HessPa00,TE,Parker Hesse,ATL,0,0,0,0,0,0,0,0,11,9,89,0,0,0,0,0,0.0
HeywCo00,TE,Connor Heyward,PIT,0,0,0,0,0,2,27,0,17,12,151,1,0,0,0,0,0.0
HigbTy00,TE,Tyler Higbee,LAR,0,0,0,0,0,0,0,0,108,72,620,3,0,0,0,0,0.0
HiggRa00,WR,Rashard Higgins,CAR,0,0,0,0,0,0,0,0,0,0,0,0,0,0,0,0,0.0
HiggTe00,WR,Tee Higgins,CIN,0,0,0,0,0,0,0,0,109,74,1029,7,0,1,0,0,0.0
HillDo00,RB,Dontrell Hilliard,TEN,0,0,0,0,0,22,145,0,26,21,177,4,0,0,0,0,0.0
HillJu00,RB,Justice Hill,BAL,0,0,0,0,0,49,262,0,12,12,58,0,1,0,0,0,0.0
HillKy00,RB,Kylin Hill,GNB,0,0,0,0,0,1,7,0,0,0,0,0,0,0,0,0,0.0
HillTa00,QB,Taysom Hill,NOR,13,19,240,2,0,96,575,7,13,9,77,2,0,0,0,0,146.82
HillTy00,WR,Tyreek Hill,MIA,0,0,0,0,0,7,32,1,170,119,1710,7,0,0,0,0,0.0
HiltT.00,WR,T.Y. Hilton,DAL,0,0,0,0,0,0,0,0,10,7,121,0,0,0,0,0,0.0
HineNy00,RB,Nyheim Hines,BUF,0,0,0,0,0,24,33,1,37,30,241,1,0,0,0,0,0.0
HintKe00,WR,Kendall Hinton,DEN,0,0,0,0,0,2,13,0,33,24,311,0,0,0,0,0,0.0
HockTJ00,TE,T.J. Hockenson,MIN,0,0,0,0,0,0,0,0,129,86,914,6,1,2,0,0,0.0
HodgIs00,WR,Isaiah Hodgins,NYG,0,0,0,0,0,0,0,0,48,37,392,4,1,1,0,0,0.0
HodgKh00,WR,KhaDarel Hodge,ATL,0,0,0,0,0,0,0,0,20,13,202,1,0,1,0,0,0.0
HollCo00,WR,Cody Hollister,TEN,0,0,0,0,0,0,0,0,5,3,54,0,0,0,0,0,0.0
HollJa03,TE,Jacob Hollister,LVR,0,0,0,0,0,0,0,0,0,0,0,0,0,0,0,0,0.0
HollMa00,WR,Mack Hollins,LVR,1,1,4,0,0,4,40,0,94,57,690,4,0,0,0,0,102.08
HoltJ.01,TE,J.P. Holtz,NOR,0,0,0,0,0,0,0,0,0,0,0,0,0,0,0,0,0.0
HomeTr00,RB,Travis Homer,SEA,0,0,0,0,0,19,74,0,18,16,157,1,1,0,0,0,0.0
HoopAu00,TE,Austin Hooper,TEN,0,0,0,0,0,0,0,0,60,41,444,2,0,0,0,0,0.0
HopkBr01,TE,Brycen Hopkins,LAR,0,0,0,0,0,0,0,0,11,7,109,0,0,0,0,0,0.0
HopkDe00,WR,DeAndre Hopkins,ARI,0,0,0,0,0,0,0,0,96,64,717,3,1,0,0,0,0.0
HorsJe00,TE,Jesper Horsted,LVR,0,0,0,0,0,0,0,0,4,3,19,0,0,0,0,0,0.0
HorvZa00,RB,Zander Horvath,LAC,0,0,0,0,0,4,8,0,8,5,8,2,0,0,0,0,0.0
HousDe01,WR,Dennis Houston,DAL,0,0,0,0,0,0,0,0,6,2,16,0,0,0,0,0,0.0
HowaJo00,RB,Jordan Howard,NOR,0,0,0,0,0,1,1,0,0,0,0,0,0,0,0,0,0.0
HowaO.00,TE,O.J. Howard,HOU,0,0,0,0,0,0,0,0,23,10,145,2,0,0,0,0,0.0
HoweSa00,QB,Sam Howell,WAS,11,19,169,1,1,5,35,1,0,0,0,0,0,0,0,0,83.0
HoyeBr00,QB,Brian Hoyer,NWE,5,6,37,0,0,0,0,0,0,0,0,0,0,0,0,0,97.22
HubbCh01,RB,Chuba Hubbard,CAR,0,0,0,0,0,95,466,2,17,14,171,0,0,0,0,0,0.0
HudsTa00,TE,Tanner Hudson,NYG,0,0,0,0,0,0,0,0,15,10,132,0,0,0,0,0,0.0
HumpLi01,WR,Lil'Jordan Humphrey,NWE,0,0,0,0,0,0,0,0,4,2,20,0,0,0,0,0,0.0
HuntCa02,RB,Caleb Huntley,ATL,0,0,0,0,0,76,366,1,2,2,3,0,0,0,0,0,0.0
HuntKa00,RB,Kareem Hunt,CLE,0,0,0,0,0,123,468,3,44,35,210,1,0,0,0,0,0.0
HuntTy01,QB,Tyler Huntley,BAL,75,112,658,2,3,43,137,1,0,0,0,0,0,1,0,0,77.16
HursHa00,TE,Hayden Hurst,CIN,0,0,0,0,0,0,0,0,68,52,414,2,0,0,0,0,0.0
HurtJa00,QB,Jalen Hurts,PHI,306,460,3701,22,6,165,760,13,0,0,0,0,2,2,0,0,101.55
IgweGo00,RB,Godwin Igwebuike,SEA,0,0,0,0,0,3,4,0,1,1,3,0,0,0,0,0,0.0
IngoAl01,FB,Alec Ingold,MIA,0,0,0,0,0,6,8,1,23,15,105,1,0,0,0,0,0.0
IngrKe01,RB,Keaontay Ingram,ARI,0,0,0,0,0,27,60,1,5,4,21,0,0,0,0,0,0.0
IngrMa01,RB,Mark Ingram,NOR,0,0,0,0,0,62,233,1,18,16,68,0,2,1,0,0,0.0
IrwiTr00,WR,Trenton Irwin,CIN,0,0,0,0,0,1,11,0,23,15,231,4,0,0,0,0,0.0
IsabAn00,WR,Andy Isabella,BAL,0,0,0,0,0,1,1,0,5,2,21,0,0,0,0,0,0.0
JackDe00,WR,DeSean Jackson,BAL,0,0,0,0,0,0,0,0,17,9,153,0,0,0,0,0,0.0
JackDe02,RB,Deon Jackson,IND,0,0,0,0,0,68,236,1,34,30,209,1,1,0,0,0,0.0
JackJu01,RB,Justin Jackson,DET,0,0,0,0,0,42,170,1,19,12,101,1,0,0,0,0,0.0
JackLa00,QB,Lamar Jackson,BAL,203,326,2242,17,7,112,764,3,0,0,0,0,2,1,0,0,91.07
JackTy01,TE,Tyree Jackson,PHI,0,0,0,0,0,0,0,0,0,0,0,0,0,0,0,0,0.0
JacoJo01,RB,Josh Jacobs,LVR,0,0,0,0,0,340,1653,12,64,53,400,0,1,0,0,0,0.0
JameJe00,TE,Jesse James,CLE,0,0,0,0,0,0,0,0,0,0,0,0,0,0,0,0,0.0
JameRi00,WR,Richie James,NYG,0,0,0,0,0,2,6,0,70,57,569,4,1,0,0,0,0.0
JeffJu00,WR,Justin Jefferson,MIN,2,2,34,0,0,4,24,1,184,128,1809,8,0,1,0,0,156.25
JeffVa00,WR,Van Jefferson,LAR,0,0,0,0,0,0,0,0,45,24,369,3,0,0,0,0,0.0
JennJa00,WR,Jauan Jennings,SFO,0,0,0,0,0,0,0,0,56,35,416,1,0,0,0,0,0.0
JeudJe00,WR,Jerry Jeudy,DEN,0,0,0,0,0,4,40,0,100,67,972,6,0,0,0,0,0.0
JohnBr23,WR,Brandon Johnson,DEN,0,0,0,0,0,0,0,0,14,6,42,1,0,0,0,0,0.0
JohnCa03,WR,Cade Johnson,SEA,0,0,0,0,0,0,0,0,4,2,21,0,0,0,0,0,0.0
JohnDE04,RB,D'Ernest Johnson,CLE,0,0,0,0,0,4,17,0,3,3,7,0,0,0,0,0,0.0
JohnDa08,RB,David Johnson,NOR,0,0,0,0,0,12,24,0,4,4,47,0,1,0,0,0,0.0
JohnDi01,WR,Diontae Johnson,PIT,0,0,0,0,0,7,25,0,147,86,882,0,0,2,0,0,0.0
JohnDu00,RB,Duke Johnson,BUF,0,0,0,0,0,2,4,0,0,0,0,0,0,0,0,0,0.0
JohnJa12,FB,Jakob Johnson,LVR,0,0,0,0,0,0,0,0,6,5,10,0,0,0,0,0,0.0
JohnJo05,QB,Josh Johnson,SFO,1,2,10,0,0,2,3,0,0,0,0,0,0,0,0,0,64.58
JohnJo12,WR,Johnny Johnson,HOU,0,0,0,0,0,0,0,0,0,0,0,0,0,0,0,0,0.0
JohnJu02,TE,Juwan Johnson,NOR,0,0,0,0,0,0,0,0,65,42,508,7,0,0,0,0,0.0
JohnMa07,WR,Marcus Johnson,NYG,0,0,0,0,0,0,0,0,22,9,99,0,0,0,0,0,0.0
JohnTy00,WR,Tyler Johnson,HOU,0,0,0,0,0,0,0,0,0,0,0,0,0,0,0,0,0.0
JohnTy02,RB,Ty Johnson,NYJ,0,0,0,0,0,30,160,1,24,12,88,0,0,0,0,0,0.0
JohnTy03,WR,Tyron Johnson,HOU,0,0,0,0,0,0,0,0,1,1,8,0,0,0,0,0,0.0
JoneAa00,RB,Aaron Jones,GNB,0,0,0,0,0,213,1121,2,72,59,395,5,3,1,0,0,0.0
JoneDa05,QB,Daniel Jones,NYG,317,472,3205,15,5,120,708,7,0,0,0,0,3,2,0,0,92.52
JoneJu02,WR,Julio Jones,TAM,0,0,0,0,0,5,45,0,43,24,299,2,0,0,0,0,0.0
JoneMa02,WR,Marvin Jones,JAX,0,0,0,0,0,0,0,0,81,46,529,3,0,0,0,0,0.0
JoneMa05,QB,Mac Jones,NWE,288,442,2997,14,11,47,102,1,0,0,0,0,1,1,0,0,84.82
JoneMa06,CB,Marcus Jones,NWE,0,0,0,0,0,0,0,0,4,4,78,1,0,0,0,0,0.0
JoneRo01,RB,Ronald Jones II,KAN,0,0,0,0,0,17,70,1,1,1,22,0,0,0,0,0,0.0
JoneTi00,WR,Tim Jones,JAX,0,0,0,0,0,0,0,0,4,3,30,0,0,0,0,0,0.0
JoneTo04,RB,Tony Jones,SEA,0,0,0,0,0,10,24,0,8,5,30,0,0,0,0,0,0.0
JoneVe00,WR,Velus Jones Jr.,CHI,0,0,0,0,0,9,103,1,14,7,107,1,2,0,0,0,0.0
JoneZa00,WR,Zay Jones,JAX,0,0,0,0,0,4,18,0,121,82,823,5,0,1,0,0,0.0
JordBr00,TE,Brevin Jordan,HOU,0,0,0,0,0,0,0,0,28,14,128,0,0,0,0,0,0.0
JuszKy00,FB,Kyle Juszczyk,SFO,0,0,0,0,0,7,26,1,23,19,200,1,0,0,0,0,0.0
KaliNi00,TE,Nikola Kalinic,IND,0,0,0,0,0,0,0,0,0,0,0,0,0,0,0,0,0.0
KamaAl00,RB,Alvin Kamara,NOR,0,0,0,0,0,223,897,2,77,57,490,2,4,0,0,0,0.0
KeenCa00,QB,Case Keenum,BUF,2,7,8,0,0,5,0,0,0,0,0,0,0,0,0,0,30.65
KelcTr00,TE,Travis Kelce,KAN,0,0,0,0,0,2,5,0,152,110,1338,12,1,1,0,0,0.0
KellJo01,RB,Joshua Kelley,LAC,0,0,0,0,0,69,287,2,25,14,101,0,0,0,0,0,0.0
KempMa00,WR,Marcus Kemp,KAN,0,0,0,0,0,0,0,0,0,0,0,0,0,0,0,0,0.0
KennTo01,WR,Tom Kennedy,DET,0,0,0,0,0,0,0,0,15,8,141,0,0,0,0,0,0.0
KiefKo00,TE,Ko Kieft,TAM,0,0,0,0,0,0,0,0,10,7,80,1,0,0,0,0,0.0
KinsMa00,WR,Mason Kinsey,TEN,0,0,0,0,0,0,0,0,1,1,3,0,0,0,0,0,0.0
KirkCh01,WR,Christian Kirk,JAX,0,1,0,0,0,5,11,0,133,84,1108,8,1,0,0,0,2.08
KirkKe00,WR,Keith Kirkwood,NOR,0,0,0,0,0,0,0,0,2,2,18,0,0,0,0,0,0.0
KittGe00,TE,George Kittle,SFO,0,0,0,0,0,0,0,0,86,60,765,11,1,0,0,0,0.0
KmetCo00,TE,Cole Kmet,CHI,0,0,0,0,0,2,9,0,69,50,544,7,0,0,0,0,0.0
KnigZo00,RB,Zonovan Knight,NYJ,0,0,0,0,0,85,300,1,14,13,100,0,0,0,0,0,0.0
KnoxDa00,TE,Dawson Knox,BUF,0,0,0,0,0,0,0,0,65,48,517,6,0,0,0,0,0.0
KolaCh00,TE,Charlie Kolar,BAL,0,0,0,0,0,0,0,0,6,4,49,0,0,0,0,0,0.0
KrofTy00,TE,Tyler Kroft,SFO,0,0,0,0,0,0,0,0,5,4,57,0,0,0,0,0,0.0
KrulLu00,TE,Lucas Krull,NOR,0,0,0,0,0,0,0,0,0,0,0,0,0,0,0,0,0.0
KumeJa00,WR,Jake Kumerow,BUF,0,0,0,0,0,0,0,0,7,4,64,0,0,0,0,0,0.0
KuppCo00,WR,Cooper Kupp,LAR,0,1,0,0,0,9,52,1,98,75,812,6,1,0,0,0,2.08
LambCe00,WR,CeeDee Lamb,DAL,0,0,0,0,0,10,47,0,156,107,1359,9,0,0,0,0,0.0
LancTr00,QB,Trey Lance,SFO,15,31,194,0,1,16,67,0,0,0,0,0,0,0,0,0,55.04
LandJa00,WR,Jarvis Landry,NOR,0,0,0,0,0,0,0,0,39,25,272,1,0,1,0,0,0.0
LassKw20,WR,Kwamie Lassiter,CIN,0,0,0,0,0,0,0,0,0,0,0,0,0,0,0,0,0.0
LawrTr00,QB,Trevor Lawrence,JAX,387,584,4113,25,8,62,291,5,0,0,0,0,9,3,0,0,95.21
LazaAl00,WR,Allen Lazard ,GNB,0,0,0,0,0,2,0,0,100,60,788,6,0,0,0,0,0.0
LeavDa00,FS,Dallin Leavitt,GNB,0,0,0,0,0,1,0,0,0,0,0,0,0,0,0,0,0.0
LeexAn20,P,Andy Lee,ARI,1,1,4,0,0,0,0,0,0,0,0,0,0,0,0,0,102.08
LewiMa00,TE,Marcedes Lewis,GNB,0,0,0,0,0,0,0,0,7,6,66,2,0,1,0,0,0.0
LikeIs00,TE,Isaiah Likely,BAL,0,0,0,0,0,0,0,0,60,36,373,3,0,0,0,0,0.0
LindPh00,RB,Phillip Lindsay,IND,0,0,0,0,0,15,49,0,8,6,19,0,0,1,0,0,0.0
LockTy00,WR,Tyler Lockett,SEA,0,0,0,0,0,0,0,0,117,84,1033,9,2,0,0,0,0.0
LondDr00,WR,Drake London,ATL,0,0,0,0,0,0,0,0,117,72,866,4,3,1,0,0,0.0
LongHu00,TE,Hunter Long,MIA,0,0,0,0,0,0,0,0,0,0,0,0,0,0,0,0,0.0
LoveJo03,QB,Jordan Love,GNB,14,21,195,1,0,1,-1,0,0,0,0,0,0,0,0,0,112.2
MabrTy00,TE,Tyler Mabry,SEA,0,0,0,0,0,0,0,0,1,1,7,1,0,0,0,0,0.0
MackMa00,RB,Marlon Mack,DEN,0,0,0,0,0,16,84,1,10,8,99,1,0,0,0,0,0.0
MahoPa00,QB,Patrick Mahomes,KAN,435,648,5250,41,12,61,358,4,1,1,6,0,0,3,0,0,105.16
ManhCh00,TE,Chris Manhertz,JAX,0,0,0,0,0,0,0,0,8,6,42,0,0,0,0,0,0.0
MannBr01,P,Braden Mann,NYJ,1,2,17,0,0,0,0,0,0,0,0,0,0,0,0,0,79.17
MariMa01,QB,Marcus Mariota,ATL,184,300,2219,15,9,85,438,4,0,0,0,0,3,2,0,0,88.18
MarsTe00,WR,Terrace Marshall Jr.,CAR,0,0,0,0,0,0,0,0,47,28,490,1,0,0,0,0,0.0
MartTa00,WR,Tay Martin,SFO,0,0,0,0,0,0,0,0,0,0,0,0,0,0,0,0,0.0
MasoJo00,RB,Jordan Mason,SFO,0,0,0,0,0,43,258,1,0,0,0,0,0,0,0,0,0.0
MattAl01,RB,Alexander Mattison,MIN,0,0,0,0,0,74,283,5,18,15,91,1,0,0,0,0,0.0
MayfBa00,QB,Baker Mayfield,LAR,201,335,2163,10,8,31,89,1,0,0,0,0,2,0,0,0,78.99
McBrTr01,TE,Trey McBride,ARI,0,0,0,0,0,0,0,0,39,29,265,1,0,0,0,0,0.0
McCaCh01,RB,Christian McCaffrey,SFO,1,1,34,1,0,244,1139,8,108,85,741,5,0,0,0,0,560.42
McClRa00,WR,Ray-Ray McCloud,SFO,0,0,0,0,0,4,78,1,25,14,243,1,0,0,0,0,0.0
McCoCo00,QB,Colt McCoy,ARI,90,132,780,1,3,14,36,0,0,0,0,0,0,0,0,0,76.58
McCuLa01,WR,Lance McCutcheon,LAR,0,0,0,0,0,0,0,0,4,0,0,0,0,0,0,0,0.0
McFaAn00,RB,Anthony McFarland Jr.,PIT,0,0,0,0,0,6,30,0,2,2,11,0,0,0,0,0,0.0
McGoKy00,WR,Kyric McGowan,WAS,0,0,0,0,0,0,0,0,0,0,0,0,0,0,0,0,0.0
McKeIs00,WR,Isaiah McKenzie,BUF,0,0,0,0,0,9,55,1,65,42,423,4,0,0,0,0,0.0
McKeSe01,TE,Sean McKeon,DAL,0,0,0,0,0,0,0,0,3,2,11,0,0,0,0,0,0.0
McKiJ.00,RB,J.D. McKissic,WAS,0,0,0,0,0,22,95,0,40,27,173,0,0,1,0,0,0.0
McKiJe00,RB,Jerick McKinnon,KAN,0,0,0,0,0,72,291,1,71,56,512,9,1,1,0,0,0.0
McKiTr00,TE,Tre' McKitty,LAC,0,0,0,0,0,0,0,0,18,10,72,0,0,0,0,0,0.0
McLaTe00,WR,Terry McLaurin,WAS,0,0,0,0,0,7,29,0,120,77,1191,5,0,0,0,0,0.0
McMaRa00,WR,Racey McMath,TEN,0,0,0,0,0,1,4,0,8,2,40,0,0,0,0,0,0.0
McSoTr00,QB,Trace McSorley,ARI,45,83,412,0,5,15,61,0,0,0,0,0,2,0,0,0,42.85
MerrKi00,WR,Kirk Merritt,NOR,0,0,0,0,0,0,0,0,0,0,0,0,0,0,0,0,0.0
MetcDK00,WR,D.K. Metcalf,SEA,0,0,0,0,0,0,0,0,141,90,1048,6,2,0,0,0,0.0
MeyeJa01,WR,Jakobi Meyers,NWE,0,0,0,0,0,2,-11,0,96,67,804,6,2,1,0,0,0.0
MichSo00,RB,Sony Michel,LAC,0,0,0,0,0,36,106,0,13,9,53,0,0,0,0,0,0.0
MillDa02,QB,Davis Mills,HOU,292,479,3118,17,15,32,108,2,0,0,0,0,3,1,0,0,78.79
MillSc01,WR,Scott Miller,TAM,0,0,0,0,0,1,8,0,40,23,185,0,0,0,0,0,0.0
MilnDa00,WR,Dax Milne,WAS,0,0,0,0,0,0,0,0,7,6,37,1,0,0,0,0,0.0
MimsDe00,WR,Denzel Mims,NYJ,0,0,0,0,0,0,0,0,25,11,186,0,0,0,0,0,0.0
MinsGa00,QB,Gardner Minshew II,PHI,44,76,663,3,3,7,3,1,0,0,0,0,1,0,0,0,83.39
MitcEl00,RB,Elijah Mitchell,SFO,0,0,0,0,0,45,279,2,4,3,7,0,0,0,0,0,0.0
MitcJa00,TE,James Mitchell,DET,0,0,0,0,0,0,0,0,11,11,113,1,0,0,0,0,0.0
MixoJo00,RB,Joe Mixon,CIN,0,0,0,0,0,210,814,7,75,60,441,2,0,0,0,0,0.0
MontDa01,RB,David Montgomery,CHI,0,0,0,0,0,201,801,5,40,34,316,1,2,0,0,0,0.0
MontTy01,WR,Ty Montgomery,NWE,0,0,0,0,0,2,-2,0,4,3,15,1,0,0,0,0,0.0
MoonDa00,WR,Darnell Mooney,CHI,0,0,0,0,0,1,2,0,61,40,493,2,0,0,0,0,0.0
MoorCJ01,FS,C.J. Moore,DET,0,0,0,0,0,2,55,0,0,0,0,0,0,0,0,0,0.0
MoorCh00,WR,Chris Moore,HOU,0,0,0,0,0,3,3,0,74,48,548,2,0,0,0,0,0.0
MoorD.00,WR,D.J. Moore,CAR,0,0,0,0,0,10,53,0,118,63,888,7,0,0,0,0,0.0
MoorEl00,WR,Elijah Moore,NYJ,0,0,0,0,0,5,5,0,65,37,446,1,0,0,0,0,0.0
MoorJa02,WR,Jason Moore,LAC,0,0,0,0,0,0,0,0,2,1,5,0,0,0,0,0,0.0
MoorRo02,WR,Rondale Moore,ARI,0,0,0,0,0,6,-5,0,56,41,414,1,0,0,0,0,0.0
MoorSk01,WR,Skyy Moore,KAN,0,0,0,0,0,3,24,0,33,22,250,0,2,0,0,0,0.0
MoreFo00,TE,Foster Moreau,LVR,0,0,0,0,0,0,2,0,54,33,420,2,1,0,0,0,0.0
MorgSt02,WR,Stanley Morgan Jr.,CIN,0,0,0,0,0,0,0,0,1,0,0,0,0,0,0,0,0.0
MorrQu00,TE,Quintin Morris,BUF,0,0,0,0,0,0,0,0,11,8,84,1,1,0,0,0,0.0
MossZa00,RB,Zack Moss,IND,0,0,0,0,0,93,456,1,13,11,39,0,1,0,0,0,0.0
MostRa00,RB,Raheem Mostert,MIA,0,0,0,0,0,181,891,3,42,31,202,2,1,0,0,0,0.0
MullNi00,QB,Nick Mullens,MIN,21,25,224,1,1,4,8,0,0,0,0,0,0,0,0,0,106.08
MundJo00,TE,Johnny Mundt,MIN,0,0,0,0,0,0,0,0,21,19,140,1,0,0,0,0,0.0
MurrKy00,QB,Kyler Murray,ARI,259,390,2368,14,7,67,418,3,0,0,0,0,2,4,0,0,87.21
MurrLa00,RB,Latavius Murray,DEN,0,0,0,0,0,171,760,6,35,27,132,0,0,1,0,0,0.0
MyarCh00,TE,Chris Myarick,NYG,0,0,0,0,0,0,0,0,8,7,65,1,0,0,0,0,0.0
NailJa00,WR,Jalen Nailor,MIN,0,0,0,0,0,0,0,0,13,9,179,1,0,0,0,0,0.0
NjokDa00,TE,David Njoku,CLE,0,0,0,0,0,2,-8,0,80,58,628,4,1,0,0,0,0.0
NwanKe00,RB,Kene Nwangwu,MIN,0,0,0,0,0,9,14,0,2,2,21,0,0,0,0,0,0.0
OgunDa00,RB,Dare Ogunbowale,HOU,0,0,0,0,0,42,123,1,26,20,104,0,0,0,0,0,0.0
OkonCh00,TE,Chigoziem Okonkwo,TEN,0,0,0,0,0,3,2,0,46,32,450,3,0,1,0,0,0.0
OkwuAl00,TE,Albert Okwuegbunam,DEN,0,0,0,0,0,0,0,0,18,10,95,1,0,0,0,0,0.0
OlavCh00,WR,Chris Olave,NOR,0,0,0,0,0,0,0,0,119,72,1042,4,2,1,0,0,0.0
OlivJo00,TE,Josh Oliver,BAL,0,0,0,0,0,0,0,0,25,14,149,2,0,0,0,0,0.0
OlliQa00,RB,Qadree Ollison,DAL,0,0,0,0,0,0,0,0,0,0,0,0,0,0,0,0,0.0
OlszGu00,WR,Gunner Olszewski,PIT,0,0,0,0,0,8,39,0,7,5,53,0,1,0,0,0,0.0
OsboKJ00,WR,K.J. Osborn,MIN,0,0,0,0,0,3,6,0,90,60,650,5,0,0,0,0,0.0
OttoCa00,TE,Cade Otton,TAM,0,0,0,0,0,0,0,0,65,42,391,2,0,0,0,0,0.0
OzigDe01,RB,Devine Ozigbo,DEN,0,0,0,0,0,3,4,0,1,1,3,0,0,0,0,0,0.0
PachIs00,RB,Isiah Pacheco,KAN,0,0,0,0,0,170,830,5,14,13,130,0,2,0,0,0,0.0
PalmJo00,WR,Josh Palmer,LAC,0,0,0,0,0,1,4,0,107,72,769,3,0,1,0,0,0.0
ParhDo00,TE,Donald Parham,LAC,0,0,0,0,0,0,0,0,12,10,130,1,0,0,0,0,0.0
ParkCo02,TE,Colby Parkinson,SEA,0,0,0,0,0,0,0,0,34,25,322,2,0,0,0,0,0.0
ParkDe01,WR,DeVante Parker,NWE,0,0,0,0,0,0,0,0,47,31,539,3,0,0,0,0,0.0
PascZa00,WR,Zach Pascal,PHI,0,0,0,0,0,1,0,0,19,15,150,1,0,0,0,0,0.0
PatmDe00,WR,Dezmon Patmon,IND,0,0,0,0,0,0,0,0,6,2,24,0,0,0,0,0,0.0
PattCo00,RB,Cordarrelle Patterson,ATL,0,0,0,0,0,144,695,8,31,21,122,0,1,0,1,0,0.0
PattJa01,RB,Jaret Patterson,WAS,0,0,0,0,0,17,78,0,1,0,0,0,0,0,0,0,0.0
PennRa00,RB,Rashaad Penny,SEA,0,0,0,0,0,57,346,2,5,4,16,0,0,0,0,0,0.0
PeopDo00,WR,Donovan Peoples-Jones,CLE,0,0,0,0,0,1,2,0,96,61,839,3,1,0,1,0,0.0
PeriSa00,RB,Samaje Perine,CIN,0,0,0,0,0,95,394,2,51,38,287,4,0,0,0,0,0.0
PerkBr02,QB,Bryce Perkins,LAR,19,34,161,1,2,19,90,0,0,0,0,0,0,0,0,0,53.68
PerrBr02,WR,Breshad Perriman,TAM,0,0,0,0,0,2,-7,0,19,9,110,1,1,0,0,0,0.0
PeteNa00,QB,Nathan Peterman,CHI,14,25,139,1,1,2,7,0,0,0,0,0,0,0,0,0,68.58
PettDa00,WR,Dante Pettis,CHI,0,0,0,0,0,2,37,0,41,19,245,3,0,0,0,0,0.0
PhilKy01,WR,Kyle Philips,TEN,0,0,0,0,0,0,0,0,13,8,78,0,2,0,0,0,0.0
PickGe00,WR,George Pickens,PIT,0,0,0,0,0,3,24,1,84,52,801,4,0,1,0,0,0.0
PickKe00,QB,Kenny Pickett,PIT,245,389,2404,7,9,55,237,3,0,0,0,0,1,2,0,0,76.68
PierAl00,WR,Alec Pierce,IND,0,0,0,0,0,0,0,0,78,41,593,2,0,0,0,0,0.0
PierDa01,RB,Dameon Pierce,HOU,0,0,0,0,0,220,939,4,39,30,165,1,2,0,0,0,0.0
PinkJa02,TE,Jared Pinkney,LAR,0,0,0,0,0,0,0,0,0,0,0,0,0,0,0,0,0.0
PittKy00,TE,Kyle Pitts,ATL,0,0,0,0,0,0,0,0,59,28,356,2,0,0,0,0,0.0
PittMi01,WR,Michael Pittman Jr.,IND,0,0,0,0,0,3,30,0,141,99,925,4,1,0,0,0,0.0
PollTo00,RB,Tony Pollard,DAL,0,0,0,0,0,193,1007,9,55,39,371,3,0,0,0,0,0.0
PoweBr00,WR,Brandon Powell,LAR,0,0,0,0,0,17,80,0,32,24,156,0,0,0,0,0,0.0
PoweCo00,WR,Cornell Powell,KAN,0,0,0,0,0,0,0,0,0,0,0,0,0,0,0,0,0.0
PrenAd00,FB,Adam Prentice,NOR,0,0,0,0,0,4,9,0,3,3,9,0,0,0,0,0,0.0
PresDa01,QB,Dak Prescott,DAL,261,394,2860,23,15,45,182,1,0,0,0,0,1,0,0,0,91.13
PrinBy00,WR,Byron Pringle,CHI,0,0,0,0,0,0,0,0,16,10,135,2,0,0,0,0,0.0
ProcJa00,WR,James Proche,BAL,0,1,0,0,1,0,0,0,17,8,62,0,0,0,0,0,-414.58
PruiMy00,TE,MyCole Pruitt,ATL,0,0,0,0,0,0,0,0,21,16,150,4,0,0,0,0,0.0
PurdBr00,QB,Brock Purdy,SFO,114,170,1374,13,4,22,13,1,0,0,0,0,0,0,0,0,107.33
QuitTe00,TE,Teagan Quitoriano,HOU,0,0,0,0,0,0,0,0,14,7,113,2,0,0,0,0,0.0
RadeKe00,TE,Kevin Rader,TEN,0,0,0,0,0,0,0,0,0,0,0,0,0,0,0,0,0.0
RaymKa00,WR,Kalif Raymond,DET,0,0,0,0,0,7,36,0,64,47,616,0,1,0,1,0,0.0
ReagJa00,WR,Jalen Reagor,MIN,0,0,0,0,0,4,25,0,13,8,104,1,0,0,0,0,0.0
RenfHu00,WR,Hunter Renfrow,LVR,0,0,0,0,0,0,0,0,50,36,330,2,1,0,0,0,0.0
ReynCr00,RB,Craig Reynolds,DET,0,0,0,0,0,23,102,0,10,9,116,0,0,0,0,0,0.0
ReynJo00,WR,Josh Reynolds,DET,0,0,0,0,0,0,0,0,59,38,479,3,0,0,0,0,0.0
RicaPa00,FB,Patrick Ricard,BAL,0,0,0,0,0,7,16,0,13,11,74,0,0,0,0,0,0.0
RiccGi00,TE,Giovanni Ricci,CAR,0,0,0,0,0,0,0,0,9,8,100,0,0,0,0,0,0.0
RiddDe00,QB,Desmond Ridder,ATL,73,115,708,2,0,16,64,0,0,0,0,0,2,0,0,0,86.43
RiveRo01,RB,Ronnie Rivers,LAR,0,0,0,0,0,9,21,0,5,5,29,0,0,0,0,0,0.0
RobiAl02,WR,Allen Robinson,LAR,0,0,0,0,0,0,0,0,52,33,339,3,0,0,0,0,0.0
RobiBr01,RB,Brian Robinson Jr.,WAS,0,0,0,0,0,205,797,2,12,9,60,1,0,0,0,0,0.0
RobiDe01,WR,Demarcus Robinson,BAL,0,0,0,0,0,0,0,0,75,48,458,2,1,0,0,0,0.0
RobiJa00,RB,James Robinson,NYJ,0,0,0,0,0,110,425,3,14,11,51,2,0,0,0,0,0.0
RobiWa01,WR,Wan'Dale Robinson,NYG,0,0,0,0,0,2,-1,0,31,23,227,1,0,0,0,0,0.0
RodgAa00,QB,Aaron Rodgers,GNB,350,542,3695,26,12,34,94,1,0,0,0,0,4,2,0,0,91.07
RodgAm00,WR,Amari Rodgers,HOU,0,0,0,0,0,2,7,0,25,16,204,1,1,0,0,0,0.0
RodgRi00,TE,Richard Rodgers,LAC,0,0,0,0,0,0,0,0,4,1,4,0,0,0,0,0,0.0
RogeAr00,TE,Armani Rogers,WAS,0,0,0,0,0,2,26,0,6,5,64,0,0,0,0,0,0.0
RounLa00,RB,Larry Rountree,LAC,0,0,0,0,0,13,19,0,2,2,14,0,0,0,0,0,0.0
RuckJe00,TE,Jeremy Ruckert,NYJ,0,0,0,0,0,0,0,0,2,1,8,0,0,0,0,0,0.0
RudoKy00,TE,Kyle Rudolph,TAM,0,0,0,0,0,0,0,0,5,3,28,1,0,0,0,0,0.0
RushCo00,QB,Cooper Rush,DAL,94,162,1051,5,3,9,6,0,0,0,0,0,0,0,0,0,80.04
RyanMa00,QB,Matt Ryan,IND,309,461,3057,14,13,27,70,1,0,0,0,0,5,0,0,0,83.94
RypiBr00,QB,Brett Rypien,DEN,53,88,483,2,4,6,7,0,0,0,0,0,1,0,0,0,63.78
SampDr00,TE,Drew Sample,CIN,0,0,0,0,0,0,0,0,2,2,-2,0,0,0,0,0,0.0
SamuCu00,WR,Curtis Samuel,WAS,0,0,0,0,0,38,187,1,92,64,656,4,1,0,0,0,0.0
SamuDe00,WR,Deebo Samuel,SFO,0,0,0,0,0,42,232,3,94,56,632,2,2,0,0,0,0.0
SandBr00,WR,Braylon Sanders,MIA,0,0,0,0,0,0,0,0,3,2,17,0,1,0,0,0,0.0
SandMi01,RB,Miles Sanders,PHI,0,0,0,0,0,259,1269,11,26,20,78,0,2,0,0,0,0.0
SaubEr00,TE,Eric Saubert,DEN,0,0,0,0,0,0,0,0,24,15,148,1,0,0,0,0,0.0
SchrMa00,TE,Mason Schreck,HOU,0,0,0,0,0,0,0,0,2,2,6,0,0,0,0,0,0.0
SchuDa00,TE,Dalton Schultz,DAL,0,0,0,0,0,0,0,0,89,57,577,5,1,0,0,0,0.0
SchwAn00,WR,Anthony Schwartz,CLE,0,0,0,0,0,4,57,1,10,4,51,0,1,0,0,0,0.0
ScotBo02,RB,Boston Scott,PHI,0,0,0,0,0,54,217,3,6,5,15,0,0,0,0,0,0.0
SermTr00,RB,Trey Sermon,PHI,0,0,0,0,0,2,19,0,0,0,0,0,0,0,0,0,0.0
SewePe00,T,Penei Sewell,DET,0,0,0,0,0,0,0,0,1,1,9,0,0,0,0,0,0.0
ShahRa00,WR,Rashid Shaheed,NOR,0,0,0,0,0,4,57,1,34,28,488,2,0,0,0,0,0.0
ShakKh00,WR,Khalil Shakir,BUF,0,0,0,0,0,0,0,0,20,10,161,1,0,1,0,0,0.0
ShenLa00,WR,Laviska Shenault Jr.,CAR,0,0,0,0,0,9,65,1,32,27,272,1,0,0,0,0,0.0
ShepSt00,WR,Sterling Shepard,NYG,0,0,0,0,0,0,0,0,24,13,154,1,0,0,0,0,0.0
SherTr00,WR,Trent Sherfield,MIA,0,0,0,0,0,0,0,0,51,30,417,2,0,0,0,0,0.0
SiemTr00,QB,Trevor Siemian,CHI,15,26,184,1,1,4,8,0,0,0,0,0,0,0,0,0,76.44
SillDa01,WR,David Sills,NYG,0,0,0,0,0,0,0,0,17,11,106,0,0,0,0,0,0.0
SimsCa00,WR,Cam Sims,WAS,0,0,0,0,0,0,0,0,18,8,89,0,0,0,0,0,0.0
SimsSt00,WR,Steven Sims,PIT,0,0,0,0,0,13,70,0,23,14,104,0,0,0,0,0,0.0
SingDe00,RB,Devin Singletary,BUF,0,0,0,0,0,177,819,5,52,38,280,1,3,0,0,0,0.0
SkowBe00,WR,Ben Skowronek,LAR,0,0,0,0,0,1,17,1,61,39,376,0,0,0,0,0,0.0
SlatMa00,WR,Matthew Slater,NWE,0,0,0,0,0,0,0,0,0,0,0,0,0,0,0,0,0.0
SlayDa01,WR,Darius Slayton,NYG,0,0,0,0,0,0,0,0,71,46,724,2,1,0,0,0,0.0
SmarSt00,TE,Stone Smartt,LAC,0,0,0,0,0,0,0,0,5,4,17,0,0,0,0,0,0.0
SmitDe07,WR,DeVonta Smith,PHI,0,0,0,0,0,0,0,0,136,95,1196,7,1,0,0,0,0.0
SmitGe00,QB,Geno Smith,SEA,399,572,4282,30,11,68,366,1,0,0,0,0,4,0,0,0,100.87
SmitIh00,WR,Ihmir Smith-Marsette,KAN,0,0,0,0,0,1,-1,0,4,1,15,0,1,0,0,0,0.0
SmitIr01,TE,Irv Smith Jr.,MIN,0,0,0,0,0,0,0,0,36,25,182,2,0,0,0,0,0.0
SmitJe03,WR,Jeff Smith,NYJ,0,0,0,0,0,0,0,0,11,8,134,0,0,0,0,0,0.0
SmitJo01,TE,Jonnu Smith,NWE,0,0,0,0,0,1,5,0,38,27,245,0,0,0,0,0,0.0
SmitJu00,WR,JuJu Smith-Schuster,KAN,0,0,0,0,0,0,0,0,101,78,933,3,2,0,0,0,0.0
SmitKe03,FB,Keith Smith,ATL,0,0,0,0,0,1,2,0,2,1,8,0,0,0,0,0,0.0
SmitSh03,WR,Shi Smith,CAR,0,0,0,0,0,0,0,0,41,22,296,2,1,0,0,0,0.0
SmitTr03,WR,Tre'Quan Smith,NOR,0,0,0,0,0,0,0,0,27,19,278,1,0,0,0,0,0.0
SmytDu00,TE,Durham Smythe,MIA,0,0,0,0,0,2,1,1,20,15,129,1,0,0,0,0,0.0
SneaWi00,WR,Willie Snead,SFO,0,0,0,0,0,0,0,0,0,0,0,0,0,0,0,0,0.0
SnelBe00,RB,Benny Snell Jr.,PIT,0,0,0,0,0,20,90,1,2,2,17,0,0,0,0,0,0.0
SokoMa00,TE,Matt Sokol,NWE,0,0,0,0,0,0,0,0,0,0,0,0,0,0,0,0,0.0
SpilIs00,RB,Isaiah Spiller,LAC,0,0,0,0,0,18,41,0,3,3,13,0,0,0,0,0,0.0
St.BEq00,WR,Equanimeous St. Brown,CHI,0,0,0,0,0,6,54,0,38,21,323,1,0,0,0,0,0.0
StafMa00,QB,Matthew Stafford,LAR,206,303,2087,10,8,13,9,1,0,0,0,0,3,0,0,0,87.44
StevRh00,RB,Rhamondre Stevenson,NWE,0,0,0,0,0,210,1040,5,88,69,421,1,1,0,0,0,0.0
StewM.00,SS,M.J. Stewart,HOU,0,0,0,0,0,1,3,0,0,0,0,0,0,0,0,0,0.0
StidJa00,QB,Jarrett Stidham,LVR,53,83,656,4,3,14,84,0,0,0,0,0,1,0,0,0,89.23
StolJa00,TE,Jack Stoll,PHI,0,0,0,0,0,0,0,0,14,11,123,0,0,0,0,0,0.0
StraMi03,WR,Mike Strachan,IND,0,0,0,0,0,0,0,0,9,3,59,0,0,0,0,0,0.0
StreCh00,QB,Chris Streveler,NYJ,10,15,90,0,0,9,54,0,0,0,0,0,0,0,0,0,82.64
StroPi00,RB,Pierre Strong,NWE,0,0,0,0,0,10,100,1,7,7,42,0,0,0,0,0,0.0
StxxAm00,WR,Amon-Ra St. Brown,DET,0,0,0,0,0,9,95,0,146,106,1161,6,0,0,0,0,0.0
SudfNa00,QB,Nate Sudfeld,DET,0,0,0,0,0,5,-4,0,0,0,0,0,0,0,0,0,0.0
SullSt00,TE,Stephen Sullivan,CAR,0,0,0,0,0,0,0,0,6,2,46,0,0,0,0,0,0.0
SuttCo00,WR,Courtland Sutton,DEN,0,0,0,0,0,1,5,0,109,64,829,2,0,0,0,0,0.0
SwaiFr00,WR,Freddie Swain,DEN,0,0,0,0,0,0,0,0,6,4,74,0,0,0,0,0,0.0
SwaiGe00,TE,Geoff Swaim,TEN,0,0,0,0,0,0,0,0,16,12,58,1,0,0,0,0,0.0
SweeTo00,TE,Tommy Sweeney,BUF,0,0,0,0,0,0,0,0,1,1,7,0,0,0,0,0,0.0
SwifDA00,RB,D'Andre Swift,DET,0,0,0,0,0,99,542,5,70,48,389,3,0,1,0,0,0.0
TagoTu00,QB,Tua Tagovailoa,MIA,259,400,3548,25,8,24,70,0,0,0,0,0,1,0,0,0,105.5
TannRy00,QB,Ryan Tannehill,TEN,212,325,2536,13,6,34,98,2,0,0,0,0,2,1,0,0,94.6
TaylJJ01,RB,J.J. Taylor,NWE,0,0,0,0,0,10,9,0,1,1,8,0,0,0,0,0,0.0
TaylJo02,RB,Jonathan Taylor,IND,0,0,0,0,0,192,861,4,40,28,143,0,3,0,0,0,0.0
TaylPa01,RB,Patrick Taylor,GNB,0,0,0,0,0,10,31,0,1,1,17,0,0,0,0,0,0.0
TaylTr02,WR,Trent Taylor,CIN,0,0,0,0,0,4,15,0,10,6,62,0,0,0,0,0,0.0
TaylTy00,QB,Tyrod Taylor,NYG,6,8,58,1,1,5,70,0,0,0,0,0,1,1,0,0,84.38
ThieAd00,WR,Adam Thielen,MIN,0,0,0,0,0,1,4,0,107,70,716,6,0,1,0,0,0.0
ThomDe07,WR,Deven Thompkins,TAM,0,0,0,0,0,2,26,0,10,5,32,0,0,0,0,0,0.0
ThomIa00,TE,Ian Thomas,CAR,0,0,0,0,0,0,0,0,30,21,197,0,0,0,0,0,0.0
ThomLo00,TE,Logan Thomas,WAS,0,0,0,0,0,0,0,0,61,39,323,1,0,0,0,0,0.0
ThomMi04,WR,Mike Thomas,CIN,0,0,0,0,0,0,0,0,10,2,38,0,0,1,0,0,0.0
ThomMi05,WR,Michael Thomas,NOR,0,0,0,0,0,0,0,0,22,16,171,3,0,0,0,0,0.0
ThomSk00,QB,Skylar Thompson,MIA,60,105,534,1,3,14,21,0,0,0,0,0,2,0,0,0,62.16
ThorTy00,WR,Tyquan Thornton,NWE,0,0,0,0,0,3,16,1,45,22,247,2,0,0,0,0,0.0
TogiNo00,TE,Noah Togiai,PHI,0,0,0,0,0,0,0,0,1,0,0,0,0,0,0,0,0.0
TolbJa00,WR,Jalen Tolbert,DAL,0,0,0,0,0,0,0,0,3,2,12,0,0,0,0,0,0.0
TomlEr01,TE,Eric Tomlinson,DEN,0,0,0,0,0,0,0,0,13,9,79,2,0,0,0,0,0.0
ToneKa00,WR,Kadarius Toney,KAN,0,0,0,0,0,7,82,1,20,16,171,2,1,0,0,0,0.0
TongJa00,TE,Jake Tonges,CHI,0,0,0,0,0,0,0,0,1,0,0,0,0,0,0,0,0.0
TonyRo00,TE,Robert Tonyan,GNB,0,0,0,0,0,0,0,0,67,53,470,2,0,0,0,0,0.0
TourSa00,WR,Samori Toure,GNB,0,0,0,0,0,0,0,0,10,5,82,1,0,0,0,0,0.0
TownTo01,P,Tommy Townsend,KAN,0,1,0,0,0,0,0,0,0,0,0,0,0,0,0,0,2.08
TramAu00,WR,Austin Trammell,LAR,0,0,0,0,0,0,0,0,4,2,13,0,0,0,0,0,0.0
TrasKy00,QB,Kyle Trask,TAM,3,9,23,0,0,0,0,0,0,0,0,0,0,0,0,0,40.51
TrauAd00,TE,Adam Trautman,NOR,0,0,0,0,0,0,0,0,22,18,207,1,0,0,0,0,0.0
TreaLa00,WR,Laquon Treadwell,SEA,0,0,0,0,0,0,0,0,10,6,42,0,0,0,0,0,0.0
TremTo00,TE,Tommy Tremble,CAR,0,0,0,0,0,0,0,0,32,19,174,3,1,0,0,0,0.0
TrubMi00,QB,Mitchell Trubisky,PIT,117,180,1252,4,5,19,38,2,0,0,0,0,0,1,0,0,81.06
TurnCo00,TE,Cole Turner,WAS,0,0,0,0,0,0,0,0,9,2,23,0,0,0,0,0,0.0
TurnDJ00,WR,DJ Turner,LVR,0,0,0,0,0,4,26,0,1,0,0,0,0,0,0,0,0.0
TurnMa00,WR,Malik Turner,SFO,0,0,0,0,0,0,0,0,0,0,0,0,0,0,0,0,0.0
TurpKa00,WR,KaVontae Turpin,DAL,0,0,0,0,0,3,17,0,2,1,9,0,0,0,0,0,0.0
UzomC.00,TE,C.J. Uzomah,NYJ,0,0,0,0,0,0,0,0,27,21,232,2,0,0,0,0,0.0
ValdMa00,WR,Marquez Valdes-Scantling,KAN,0,0,0,0,0,1,-3,0,81,42,687,2,0,0,0,0,0.0
VannNi00,TE,Nick Vannett,NYG,0,0,0,0,0,0,0,0,9,6,55,0,0,0,0,0,0.0
VaugKe00,RB,Ke'Shawn Vaughn,TAM,0,0,0,0,0,17,53,0,4,3,19,0,0,0,0,0,0.0
VictBi01,WR,Binjimen Victor,BAL,0,0,0,0,0,0,0,0,0,0,0,0,0,0,0,0,0.0
VirgJa00,WR,Jalen Virgil,DEN,0,0,0,0,0,0,0,0,5,2,75,1,1,0,0,0,0.0
WaddJa00,WR,Jaylen Waddle,MIA,0,0,0,0,0,3,26,0,117,75,1356,8,1,0,0,0,0.0
WalkKe00,RB,Kenneth Walker III,SEA,0,0,0,0,0,228,1050,9,35,27,165,0,0,0,0,0,0.0
WalkPh00,QB,P.J. Walker,CAR,63,106,731,3,3,6,39,0,0,0,0,0,0,0,0,0,77.99
WallDa01,TE,Darren Waller,LVR,0,0,0,0,0,0,0,0,43,28,388,3,0,0,0,0,0.0
WallTy00,WR,Tylan Wallace,BAL,0,0,0,0,0,0,0,0,7,4,33,0,0,0,0,0,0.0
WardJo00,RB,Jonathan Ward,TEN,0,0,0,0,0,5,25,0,3,2,7,0,0,0,0,0,0.0
WarrJa01,RB,Jaylen Warren,PIT,0,0,0,0,0,77,379,1,33,28,214,0,0,0,0,0,0.0
WashDw00,RB,Dwayne Washington,NOR,0,0,0,0,0,11,38,0,1,1,7,0,0,0,0,0,0.0
WashJa00,WR,James Washington,DAL,0,0,0,0,0,0,0,0,1,0,0,0,0,0,0,0,0.0
WashMo00,WR,Montrell Washington,DEN,0,0,0,0,0,5,30,0,9,4,2,0,1,0,0,0,0.0
WashSc00,TE,Scotty Washington,NWE,0,0,0,0,0,0,0,0,0,0,0,0,0,0,0,0,0.0
WatkQu00,WR,Quez Watkins,PHI,0,0,0,0,0,3,1,0,51,33,354,3,1,0,0,0,0.0
WatkSa00,WR,Sammy Watkins,BAL,0,0,0,0,0,0,0,0,27,16,325,0,1,0,0,0,0.0
WatsCh00,WR,Christian Watson,GNB,0,0,0,0,0,7,80,2,66,41,611,7,0,0,0,0,0.0
WatsDe00,QB,Deshaun Watson,CLE,99,170,1102,7,5,36,175,1,0,0,0,0,0,0,0,0,79.09
WatsJu01,WR,Justin Watson,KAN,0,0,0,0,0,0,0,0,34,15,315,2,0,0,0,0,0.0
WattDe00,FB,Derek Watt,PIT,0,0,0,0,0,9,21,1,5,5,11,1,0,0,0,0,0.0
WebbDa00,QB,Davis Webb,NYG,23,40,168,1,0,6,41,1,0,0,0,0,0,0,0,0,75.83
WebbRa02,WR,Raleigh Webb,NWE,0,0,0,0,0,0,0,0,0,0,0,0,0,0,0,0,0.0
WebsNs00,WR,Nsimba Webster,CHI,0,0,0,0,0,0,0,0,3,2,14,0,0,0,0,0,0.0
WentCa00,QB,Carson Wentz,WAS,172,276,1755,11,9,22,86,1,0,0,0,0,1,2,0,0,80.21
WescTr00,TE,Trevon Wesco,CHI,0,0,0,0,0,0,0,0,4,2,26,0,0,0,0,0,0.0
WestNi00,WR,Nick Westbrook-Ikhine,TEN,0,0,0,0,0,0,0,0,50,25,397,3,0,0,0,0,0.0
WhitCo05,WR,Cody White,PIT,0,0,0,0,0,0,0,0,1,1,2,0,0,0,0,0,0.0
WhitKe00,WR,Kevin White,NOR,0,0,0,0,0,0,0,0,5,2,74,0,0,0,0,0,0.0
WhitMi01,QB,Mike White,NYJ,103,175,1192,3,4,6,9,1,0,0,0,0,1,0,0,0,75.7
WhitRa01,RB,Rachaad White,TAM,0,0,0,0,0,129,481,1,58,50,290,2,3,0,0,0,0.0
WhitZa01,RB,Zamir White,LVR,0,0,0,0,0,17,70,0,0,0,0,0,0,0,0,0,0.0
WilcMi01,TE,Mitchell Wilcox,CIN,0,0,0,0,0,0,0,0,18,17,139,1,0,0,0,0,0.0
WilkJo01,RB,Jordan Wilkins,IND,0,0,0,0,0,13,58,0,8,6,29,0,0,0,0,0,0.0
WillAn03,RB,Antonio Williams,NYG,0,0,0,0,0,0,0,0,0,0,0,0,0,0,0,0,0.0
WillAv02,RB,Avery Williams,ATL,0,0,0,0,0,22,109,1,14,13,61,0,0,0,0,0,0.0
WillDa05,RB,Damien Williams,ATL,0,0,0,0,0,2,2,0,0,0,0,0,0,0,0,0,0.0
WillDa10,RB,Darrel Williams,ARI,0,0,0,0,0,21,102,1,8,4,9,0,0,0,0,0,0.0
WillJa06,RB,Jamaal Williams,DET,0,0,0,0,0,262,1066,17,16,12,73,0,2,1,0,0,0.0
WillJa10,RB,Javonte Williams,DEN,0,0,0,0,0,47,204,0,22,16,76,0,1,0,0,0,0.0
WillJa11,WR,Jameson Williams,DET,0,0,0,0,0,1,40,0,9,1,41,1,0,0,0,0,0.0
WillJo07,RB,Jonathan Williams,WAS,0,0,0,0,0,37,152,0,10,7,40,0,0,0,0,0,0.0
WillKy02,RB,Kyren Williams,LAR,0,0,0,0,0,35,139,0,12,9,76,0,0,0,0,0,0.0
WillMa04,TE,Maxx Williams,ARI,0,0,0,0,0,0,0,0,3,3,18,0,0,0,0,0,0.0
WillMa12,QB,Malik Willis,TEN,31,61,276,0,3,27,123,1,0,0,0,0,2,0,0,0,42.79
WillMi07,WR,Mike Williams,LAC,0,0,0,0,0,0,0,0,93,63,895,4,0,0,0,0,0.0
WillPr01,WR,Preston Williams,CAR,0,0,0,0,0,0,0,0,0,0,0,0,0,0,0,0,0.0
WillTr06,RB,Trayveon Williams,CIN,0,0,0,0,0,6,30,0,3,2,30,0,0,0,0,0,0.0
WillTy01,RB,Ty'Son Williams,ARI,0,0,0,0,0,0,0,0,1,1,5,0,0,0,0,0,0.0
WilsCe01,WR,Cedrick Wilson Jr.,MIA,0,0,0,0,0,1,8,0,18,12,136,0,0,0,0,0,0.0
WilsGa00,WR,Garrett Wilson,NYJ,0,1,0,0,0,4,4,0,147,83,1103,4,1,0,0,0,2.08
WilsJe01,RB,Jeff Wilson,MIA,0,0,0,0,0,176,860,5,37,22,185,1,2,0,0,0,0.0
WilsRu00,QB,Russell Wilson,DEN,292,483,3524,16,11,55,277,3,1,1,1,0,2,0,0,0,84.42
WilsZa00,QB,Zach Wilson,NYJ,132,242,1688,6,7,28,102,1,1,1,2,1,1,0,0,0,72.81
WimsJa00,WR,Javon Wims,ARI,0,0,0,0,0,0,0,0,0,0,0,0,0,0,0,0,0.0
WinfJu00,WR,Juwann Winfree,GNB,0,0,0,0,0,0,0,0,4,1,17,0,0,0,0,0,0.0
WinsJa00,QB,Jameis Winston,NOR,73,115,858,4,5,5,16,0,0,0,0,0,0,1,0,0,79.55
WoerCh00,TE,Charlie Woerner,SFO,0,0,0,0,0,0,0,0,2,0,0,0,0,0,0,0,0.0
WolfJo00,QB,John Wolford,LAR,38,62,390,1,3,8,32,0,0,0,0,0,1,0,0,0,64.58
WoodJe01,TE,Jelani Woods,IND,0,0,0,0,0,0,0,0,40,25,312,3,0,0,0,0,0.0
WoodMi00,WR,Michael Woods II,CLE,0,0,0,0,0,1,-5,0,10,5,45,0,0,0,0,0,0.0
WoodRo02,WR,Robert Woods,TEN,0,0,0,0,0,0,0,0,91,53,527,2,1,0,0,0,0.0
WrigBr01,TE,Brock Wright,DET,0,0,0,0,0,0,0,0,24,18,216,4,0,0,0,0,0.0
WrigRy00,P,Ryan Wright,MIN,1,2,13,0,0,0,0,0,0,0,0,0,0,0,0,0,70.83
YeboKe00,TE,Kenny Yeboah,NYJ,0,0,0,0,0,0,0,0,0,0,0,0,0,0,0,0,0.0
YounDa02,WR,Dareke Young,SEA,0,0,0,0,0,0,0,0,2,2,24,0,0,0,0,0,0.0
ZaccOl01,WR,Olamide Zaccheaus,ATL,0,0,0,0,0,2,7,0,61,40,533,3,1,0,0,0,0.0
ZappBa00,QB,Bailey Zappe,NWE,65,92,781,5,3,10,0,0,1,1,-6,0,3,0,0,0,100.86
ZylsSh00,TE,Shane Zylstra,DET,0,0,0,0,0,0,0,0,15,11,60,4,0,0,0,0,0.0